"metabolite","mean_diff","pvalue"
"acutumidine",0.00220554193611986,0.0677303119930156
"acutumine",0.00137533712930734,0.0980647659550215
"coclaurine",0.0302036879863206,0.0421559303943232
"methylcoclaurine",0.003391540851722,0.0260674506404698
"norcoclaurine",0.0180259915335416,0.0211983690869942
"reticuline",0.00144703427367314,0.140222555141452
